ID,GPE,Sentiment,Title
8476,Tehran,0.0,You Can Smell Hillary’s Fear
10294,USA,0.125,Watch The Exact Moment Paul Ryan Committed Political Suicide At A Trump Rally (VIDEO)
10142,UK,-0.875,Bernie supporters on Twitter erupt in anger against the DNC: 'We tried to warn you!'
6903,Russia,0.0,"Tehran, USA"
7341,Detroit,0.0,Girl Horrified At What She Watches Boyfriend Do After He Left FaceTime On
7041,Russia,0.433,"Strong Solar Storm, Tech Risks Today | S0 News Oct.26.2016 [VIDEO]"
7623,USA,0.0,10 Ways America Is Preparing for World War 3
7737,Russia,-1.0,Shocking! Michele Obama & Hillary Caught Glamorizing Date Rape Promoters
8716,Russia,-0.17,Hillary Clinton in HUGE Trouble After America Noticed SICK Thing Hidden in this Picture... * LIBERTY WRITERS NEWS
10348,US,0.357,Episode #160 – SUNDAY WIRE: ‘Hail to the Deplorables’ with special guest Randy J
6155,New Eastern Outlook,0.0,‘Inferno’ and the Overpopulation Myth
5743,Iowa,0.15,"Syrian War Report – November 1, 2016: Syrian Military Deploys Advanced T-90 Battle Tanks to Aleppo"
7808,Russia,-0.6,Jeffrey Sewell et al. : Metabiology face to face with Artificial Intelligence [VIDEO]
6484,Britain,0.0,Why It’s Necessary To Relax Into A Stretch
7385,Syria,0.0,"Brexit Encourages UK to Trade With Non-EU States, Including Russia"
9016,Russia,0.1,"2016 interview with Socrates: Another day of Life in the Empire! Are we near an endgame, or fools to ever ‘hope for change’? (6 of ?)"
9324,Washington DC,0.0,Mike Pence Drapes Shawl Over Immodest Lady Justice Statue - The Onion - America's Finest News Source
8983,Mosul,0.25,First Ever Hindu Woman Elected into Congress
8965,Syria,-0.156,Donald Groped Hillary in 2005! Trump and Weiner Sext Each Other!
5580,US,0.0,Ex-Assistant FBI Director: Clintons Are a Crime Family
9757,EU,0.038,Hillary Wants Aggressively Interventionist Foreign Policy
5955,China,-0.3,Real Disclosure! Secret Alien Base Found In Moon's Tycho Crater
7455,America,-0.8,Homeless Woman Protects Trump’s Walk of Fame Star From Violent Leftists
7793,Islamabad,0.375,220 ‘Significant’ Pipeline Spills Already This Year Exposes Troubling Safety Record
9403,North Carolina,0.0,‘He didn’t know the boy didn’t want to be raped’ – court throws out Muslim migrant child sex charge and Germans are in shock
5931,Russia,0.0,Pieczenik “Rogue FBI Agents and Wikileaks are Spearheading a Movement to Stop the Clintons from Stealing the White House” – TruthFeed
5937,America,0.0,"3 Effects of Substance Abuse on Individual, Family and Community"
7277,Russia,0.0,Tree Shaped Vertical Farms That Grow 24 Acres Of Urban Crops
5521,Iraq,0.136,New Comment Features have been Added
9360,USA,0.0,Ying and Yang (the Gold and Silver Set-Up)
6646,Russia,0.0,Police Turn In Badges Rather Than Incite Violence Against Standing Rock Protestors
7540,U.S.,0.0,Detroit women’s Halloween decorations depict ‘real-life horrors’ … such as shootings police by police
8212,Iran,0.0,Comment on Quid Pro Quo? Wikileaks Email Reveals Clinton Campaign Eyeing Paul Ryan’s Relative for Supreme Court by lenore.lee
6197,Vagina,0.0,Is google and YouTube in the Hillary's purse?
6061,Israel,0.0,Truth Will Out Radio: The Laconia Incident
9545,UK,0.0,Should I Get Botox?
7744,UK,0.0,Lavrov and Kerry discuss Syrian settlement
8177,US,0.0,BREAKING : DOJ Says They Will “HELP” Review the 650K Emails – TruthFeed
7049,America,0.0,Celebrity Deathmatch: Darkmoon Sages Make Their Final Predictions on US Election
7801,Wrong Direction,0.25,Revelation Unleashed: Unlocking The Mysteries Of The Bible’s Most Mysterious Book
10232,LA,0.0,Silent Counter-Coup by 17 Intel Agencies To Stop Crooked Clintons [Video]
8290,Philly,0.1,"The Mandela Effect was made by one overlooked 33 year old man, an ascended master (video and proof)"
6227,Portland,0.0,CNN: One voter can make a difference by voting repeatedly
5316,Hollywood,0.045,Newly Approved GM Potatoes Have Potential to Silence Human Genes
5530,Mosul,0.0,"The Arcturian Group by Marilyn Raffaele October 23, 2016 [VIDEO]"
7680,Oregon,0.0,Nuclear weapons question
10490,Washington,0.6,Kevin MacDonald celebrates Trump’s Amazing Victory
9413,US,0.233,"The amazing AquTru water filter, version 2.0, is now in stock: I've snagged 500 units for Natural News readers at a deep discount"
8685,Russia,0.0,Glorifying Violence
6763,Alabama,0.0,Russia may run out of patience and respond to USA's rudeness
7730,Texas,0.8,The David Duke Show: Hillary’s Treason and Why Trump & Duke Will Win
7362,Syria,0.3,APOCALYPSE NOW: Trump Voters Warn Of ‘Revolution’ If Clinton Wins
7513,Russia,-0.5,"Geo-Engineering Unlikely to Work, Conservation Group Says"
6247,U.S.,0.0,“Bernie needs to be ground to a pulp.” Leaked Email to John Podesta in February
6025,Maryland,-0.05,“We Were Long Overdue A Presidential Assassination Anyway”
10122,Undemocratic,0.322,"Flip-flop: Vox warns of serious risk of Election Day violence, and not the good kind either"
9398,Fulfilling,0.0,Comey Must Explain Why He Advised Obama Not to Publicly Accuse Russia of Hacking Democrats
10427,Israel,0.2,"Putin Congratulates Trump, Says Russia Is Ready To Restore Relations With The US"
7099,Ukraine,0.136,Monsieur Malbrough est Mort | New Eastern Outlook
8013,India,0.5,"What is one more election thread, ehhh?"
10092,Russia,0.0,Re: WikiLeaks: ‘How is what Bill Clinton did different from what Bill Cosby did?’ #PodestaEmails20
9121,India,0.4,"REPORT: Megyn Trashes Trump, Newt… Then Murdoch Announces Replacements Are Available"
8122,Syria,0.0,Suspect captured in ‘ambush-style’ killings of two Iowa cops
8988,Calais,0.0,Re: 10 Things That Every American Should Know About Donald Trump’s Plan To Save The U.S. Economy
8682,France,-1.0,Look at the SHOCKING Number of Kids Born To Illegals in 2014
6350,Montenegro,-0.167,Mother And Daughter Remind MSNBC Reporter That Trump Has Black Supporters
7818,US,-0.6,Elizabeth Warren Just Blasted The FBI Director For Going After Hillary Instead Of Wall Street Crooks
6408,India,0.0,Trumped!
8357,US,0.0,Saturn’s Baffling Hexagon — The Raging Storm Four Times the Size of Earth has Changed Its Colors
10511,Turkey,0.0,"Cyrus Mistry renames himself Rohit Sharma-Mistry, gets job back"
8322,Russia,0.0,The FBI intervenes in the 2016 election
6212,US,0.25,"Re: If Donald Trump Wins, He Will Be 70 Years, 7 Months And 7 Days Old On His First Full Day In Office"
6920,Mosul,0.4,Classless Obama Refuses Photo-Op of White House Welcome with Trump
9468,Mosul,0.0,Comment on Maryland Trump Supporter: They Switched My Vote to Hillary by misterdawg
6460,US,0.0,Stuff in the News That No One Is Talking About Because of the Election
6809,Homs Province,0.033,Social Media Is Censoring FBI’s Re-Opened Clinton Email Investigation
6527,The Vineyard of the,0.0,Shi’ite Militias Join Iraq’s Mosul Attack
9447,Orlando,0.0,U.S. Taxpayers Pay AT&T Millions of Dollars a Year For the Privilege of Spying on Them
7256,Palestine,0.0,VIDEO: Journalist Shot by Militarized Police at Standing Rock While Conducting an Interview
7228,US,0.2,Are Tensions With Russia Even Real?
7628,Afghanistan,0.0,Comment on This Is What Constipation Does To Your Body by THIS IS WHAT CONSTIPATION DOES TO YOUR BODY | TheHealthology
8918,The United States,-0.4,Fifteen Quotes Proving False Flag Terrorism & the Existence of a ‘Shadow Government’
7711,Russia,0.05,"Former Ambassador Andrew Young calls for end to water fluoridation, “Civil Rights Issue”"
9295,Florida,-0.341,Trump's New Ad Portraying 'Every Mother's Worst Nightmare' is Nothing Short of Chilling
7474,New Eastern Outlook,0.25,Undercover Video Exposes Obama’s Plan to Make American “Gun Laws” More Like Britain – TruthFeed
7661,U.S.,0.0,"Syrian War Report – November 2, 2016: ISIS and Al-Nusra Attempt to Cut Off Govt Supply Line to Aleppo"
7443,the United States of America,0.0,Should Christians Celebrate Halloween?
8210,Turkey,-0.2,Only Making Matters Worse in Syria
9756,Australia,0.1,BUSTED: Clinton Foundation Directly Tied To Plot To Steal Election
6851,Blogs,0.4,Assange: Donald Trump Won’t Be Allowed to Win – Clinton & ISIS Funded by Same Interests
9239,Oklahoma,0.0,"Michael Moore admits no women ever melted the ice caps, bombs American history"
6815,PARIS,0.2,Culchie Tries To Explain Rules Of 25 One More Time
7154,US,0.5,Who had to go :-)
7757,Russia,0.0,Raqqa/Mosul: Politicians Fiddle As Middle East Burns
9557,Finland,0.0,Washington Home Depot store receives order for five-thousand gallons of gold exterior paint
5297,Canada,-0.25,Western Lynch Mob on Russia Ties Itself up in Absurd Anots      : Information
8142,U.S.,0.045,We Live In A Time Where Each Individual Has Immense Power
6176,US,0.0,Only Demented Imbeciles Want A Killary Reign Of Terror
9402,Alaska,0.167,This anti-Trump advert on the side of a bus is really visually clever and you have to see it in motion
6948,Quebec,0.0,Americans Are So Disconnected From Reality That “Insouciant” Has Become An Euphemism
9991,Enter Mosul,-0.078,"Hillary Melts Down Over Weiner In Public, PICS Prove Campaign Is Imploding"
10555,US,0.5,Clinton Vs. Trump: Latest Electoral Prediction [Greg Laden's Blog] | Science and Technology
8549,Wisconsin,0.0,Jubilee Year of Mercy ends on November 20. Following Judgment?
6035,New Clinton Emails - The Onion - America's,0.0,UKIP MEPs Steven Woolfe & Mike Hookem reported to French police over Strasbourg scuffle
9134,Rome,-0.4,Justice Clarence Thomas Describes Washington DC As “Broken”
6407,Sledgehammer,0.0,"The Week In Pictures – Week Of October 31, 2016 - The Onion - America's Finest News Source"
6841,North Carolina,0.167,8 classic football banners of our time
8756,US,0.0,Tweetwave
5918,US,0.136,Trump’s Gettysburg Address against the New World Order
5307,Pakistan,0.65,Trump Proudly Declares: Most Of The People I’ve Insulted Deserved It
8484,India,0.0,Dems sue GOP over Trump's 'rigged' complaints
9948,The United States of America,0.0,US Airstrikes on Iraqi Army Slowing Advance on Mosul
6058,South Korea -,-0.6,"Clinton Camp Desperate, Russia Trains for WWIII"
8767,Hollywood,-0.125,Comment on Tainted Measles Vaccine Kills More Than 50 Children In Syria by Tragic Deaths Used To Promote Vaccine Fear – On The Fence About Vaccines
9394,Syria,0.0,If Catcalls Were Politically Correct…
8428,Moscow,0.0,Why Hillary Won't Unleash WWIII    : Information
10357,Texas county,0.0,Hillary IMPLODES: Trump 'Took Everything...Paid Nothing To Support Us!'
10257,Suburbs,0.017,GOOGLE PLANNED MASSIVE AI INTEGRATED SOCIAL NETWORK SPY TOOL FOR HILLARY CAMPAIGN IN 2014
7577,Florida,-0.132,"New Study Links Fluoride Consumption To Hypothyroidism, Weight Gain, And Worse"
9485,U.S.,0.0,Memo to the Next Administration: Defense Spending Must Be For Actual Defense
6698,Colombia,-1.0,The circus of liars - America's three rings of evil clowns
8516,France,0.0,Trump Has Forever Changed American Politics
10048,US,0.0,"The role of the US and Nato in EU relations with China, by Manlio Dinucci"
5724,Mosul,-0.312,Trump The President: What Does That Mean For The World? - CounterCurrents.org
7892,the United States,0.068,Comment on Breaking: CDC Blocks Testimony of Their Senior Scientist Who Blew The Whistle on Severe Medical Malpractice by CDC Accused of Blocking Testimony from Senior Scientist — New York Malpractice & Injury Lawyer Blog
9935,US,0.0,FOX News Just Admitted It Made Up Story About Hillary Being “Indicted” For Foundation
6810,Saudi Arabia,0.0,Repudiating the Media
5847,Maryland,0.0,Buchanan Smashes CNN Shill
7815,Undemocratic,0.044,The Impossible Is Happening: Cubs Win World Series and Yes… Hillary Clinton is Now Likely to be Indicted
10183,Turkey,0.0,America After Election 2016: the Gullible and the Shattered - David Kerans
6768,Oregon,0.2,Anderson Cooper Absolutely OWNS Kellyanne Conway After FBI Clears Hillary…Again (VIDEO)
10203,US,0.2,‘Schlonged!’ NYT: FBI reopened Hillary probe thanks to … ANTHONY WEINER?
9953,Norway,0.0,Exclusive: Siege of Islamabad
9625,Palmyra,0.2,The Fix Is In: NBC Affiliate Accidentally Posts Election Results A Week Early: Hillary Wins Presidency 42% to Trump’s 40%
6872,Russia,-0.088,"‘Can’t build a wall, hands too small!’ – NYC anti-Trump protest (Streamed live)"
8643,Syria,-0.129,Comment on Brother of Clinton’s Campaign Chair is an Active Foreign Agent on the Saudi Arabian Payroll by marlene
9265,China,-0.05,American Express disowns Pink Floyd singer Roger Waters because of pro-Palestinian views
5468,Russia,0.25,President-Elect Donald Trump's First Televised Interview Since He Won the Election     : Information
9044,Berkeley,0.0,North Carolina Hillary Supporter Brags on Facebook About Voting Multiple Times
6203,France,0.0,Russia reacts to UN aid chief's Aleppo 'kill zone' remarks
6316,US,0.0,Representative Government or Thugocracy?
6850,US,-0.1,Pro-Palestinian Propaganda Lowering Standards of Truth in America
6327,France,0.0,Lifting weights could ward off dementia and make you smarter
6442,Yemen,0.188,People excited about Christmas adverts told about rest of human culture
6801,Minnesota,0.0,China Airport Security Robot Gives Electroshocks
9196,U.S.,-0.1,"Re: WikiLeaks: Neera Tanden has ANOTHER ringing endorsement for Hillary! (No, not really)"
9676,US,0.0,Doomsday Election
10194,The United States,1.0,Who rode it best? Jesse Jackson mounts up to fight pipeline; Leonardo DiCaprio to the rescue?
8772,Malaysia,-0.8,NAZI Flying Saucers & A Permanent Base in Antarctica
6862,China,0.0,BREAKING: Man Brags on Facebook of Voting 3 Times… Then Reveals How He Did It
6871,Michigan,0.0,Furious parents slam ‘damaging’ BBC sex change show aimed at six-year-olds
7391,Warsaw,0.0,Trump Family Say Trump Brand Has NOT Been Damaged
9283,London,0.0,John Oliver: America’s Increasingly Segregated Schools Are ‘Very Rarely Equal in Any Way’ (Video)
8646,U.S.,0.0,The Rise of Mandatory Vaccinations Means the End of Medical Freedom
6784,Russia,0.0,Scientists Fascinated By Lake Under The Sea: Those Who Enter Never Come Out [Watch]
9508,Tokyo,0.4,"Russia, India Discuss FGFA Advanced Fighter, Su-30MKI Upgrade"
8197,Pakistan,0.357,BREAKING : TED CRUZ CALLS FOR SPECIAL PROSECUTOR TO INVESTIGATE HILLARY – TruthFeed
5575,Balochistan,0.2,The Real Reason Obamacare is Coming Unglued
8114,United States,-0.032,Revived Clinton Email Scandal Killed By A Slew Of New Facts In Record Time
10246,Saudi Arabia,0.0,Iraq’s Skies Darken as Islamic State Torches Oil
9029,North Korea,0.136,New Yorkers fight to overturn ballot selfie ban
6448,Israel,-0.3,George W. Bush’s Ethics Lawyer Files Complaint Against FBI Director James Comey
8294,US,0.0,Netflix Ceo: TV’s Future includes Hallucination Pills
7338,Russia,0.0,Comment on Elections 2012-16 by BeamMeUpScotty
5926,America,0.45,After Debate Duke Says USA becoming Banana Republic
5914,Philippines,0.0,"NOW FIVE FBI FIELD OFFICES ARE PROBING CLINTON CHARITY, ADDING FUEL TO THE FIRE"
9961,Russia,0.0,Podesta wiki leaks...We prefer Muslims over Christians....
6391,China,-0.25,Australian taxpayers charged over $88 million for donation to corrupt Clinton Foundation
9521,California,0.0,Jews ‘blamed for Holocaust’ at House of Lords event
9340,Russia,0.75,Russia successfully tests its first-ever hypersonic weapon
8145,Tal Afar,0.0,The Hulk Actor Mark Ruffalo Has Joined Standing Rock to Protest DAPL
7844,Turkey,0.136,Walmart Goes Against The Grain Of Obama’s America With New Thanksgiving Ad
7928,America,0.0,The Path To Total Dictatorship: America’s “Shadow Government” And Its Silent Coup
9168,Russia,0.0,To the Youth a Day After the Election: Another World Is Possible
6455,America,0.0,Physical Gold Demand and Fear
6135,Ukraine,0.0,Comment on U.S. war with Iran has already begun by جنگ ارزی آمریکا علیه ایران / مورد مطالعاتی سال 1390 - کدآمایی
10021,U.S.,0.2,If You Have One Of These Old VHS Tapes It May Be Worth Over $1000
6775,US,0.0,Study: Phytochemical Found In Broccoli And Cauliflower Attacks Prostate Cancer Cells
8263,America,0.3,David Duke wins Louisiana Senate Debate in Landslide despite BLM Riots
6494,Florida,0.0,Hillary Clinton Is Now Radioactive – SoT #122
8521,US,-0.625,VIDEO: Creepy Clown Gets Pistol-Whipped!
5722,Tennessee,0.0,THE VISION THING 16    : Information
8340,US,-0.125,The Other Way of Knowing
7006,Russia,-0.583,Comment on Police Officer’s Wife Caught Faking a Robbery In a Scheme To Frame Black Lives Matter by The Cat's Vagina (Nasty Woman)
6287,Kuznetsov,0.0,Supreme Court Decides to Weigh in On Transgender Rights
7119,California,0.0,If Hillary Clinton Is Charged With Obstruction Of Justice She Could Go To Prison For 20 Years
6804,United States,-0.188,Obamacare Premiums Spike an Average of 25%!
5352,Aliens,0.0,Collective Consciousness – The Individual is Gone
7771,D.C.,0.0,What Scientists Found Inside This 800-Year-Old Pot... Is Changing History!
10454,Profile,0.1,Physicists Say Consciousness Should Be Considered A State of Matter: The “Non Physical” Is Real
9814,Profile,0.25,"Iranians Spend $2.1b on Beauty Products Annually, 3 Times more than Their European Counterparts"
6429,Australia,0.0,#InNorthDakota ~~ PALESTINIANS STAND WITH THE SIOUX
6918,Saudi Arabia Re-Elected,0.0,"ISIS Declares It Will kill Palestinians “One By One”’, Yet Remains Quiet On Israel"
9825,Mosul,0.0,"Hillary, The Political Scientist"
7713,Ethiopia,0.0,"BOOM! This Is How President Reagan Handled Protesters: ""Negotiate? What is there to negotiate?"" [Video] » 100percentfedUp.com"
6995,Russia,0.0,Links 11/12/16
9645,Syria,0.542,Comment on Indoor Gardening Made Easy: The Nutritower! by Indoor Gardening Made Easy: The Nutritower! – Collective EvolutionGardening Business News UK | Gardening Business News UK
9251,US,0.0,US abstains from UN vote calling for end to Cuban embargo
8146,Venezuela,0.175,Young Turks Finds Out Why Trump Is About To Lose Utah For Republicans For First Time In Decades (VIDEO)
9722,America,0.125,Comment on Mayor de Blasio claims hot dog carts are causing global warming by Dr. Eowyn
6170,Iran,0.0,"America Might Not Deserve Trump, But Dems and Hillary Deserved To Lose"
5438,Tsunami,0.0,Just Another Day In the Life of the Clinton Crime Family
6329,New Zealand,-0.22,Muslims regularly use “Inshallah” (“God Willing” in Arabic) and nobody calls it ‘Christophobic’ hate speech…so why is “Deus Vult” (“God Willing” in Latin) graffiti being called ‘Islamophobic’ Crusader hate speech?
9769,US,0.2,"Hillary Clinton, FBI and the Real November Surprise     : Information"
7877,Israel,-0.725,Breaking: Ivanka Trump Makes Tragic Announcement Both Donald Trump and Supporters Are Shocked (Video) | Prophecy
5305,Miami,0.0,GOP Senator Silences the Entire Room With Remark About War Hero Opponent's Heritage at Debate
8824,Iran,0.0,2:00PM Election Day Water Cooler 11/8/2016
9453,Finland,-0.5,News: A Somber Moment: Cubs Fans All Over The World Are Still Too Sad About Princess Diana To Celebrate The Cubs’ World Series
5434,Tehran,0.0,Your Facebook Page Could Land You In a FEMA Camp
6665,Pakistan,0.5,Watching These 55 ISIS Terrorists Get Blown to Smithereens is Sure to Brighten Your Day
9554,Standing Rock,0.5,Your dog probably has better healthcare than you do
8925,North Dakota,0.35,Get Ready For Civil Unrest: Survey Finds That Most Americans Are Concerned About Election Violence
7953,Israel,0.0,Retired Bishop Explains Why The Catholic Church Invented Hell [Watch]
6588,FLORIDA,0.0,Will a No-Fly Zone Help the People of Aleppo?
9586,California,0.186,"Experts Recommend Breaking Down Crushing Defeats Into Smaller, More Manageable Failures - The Onion - America's Finest News Source"
6299,Jerusalem,0.0,"Comment on Score one for the Second Amendment: Pizza Hut worker shoots, kills attempted robber by lynnmccrann"
10314,Old City,-0.5,War on Drugs Heading in Wrong Direction?
9648,India,0.062,"It Begins: Crowds Mass In Major Cities: DC, LA, NYC, Philly, Portland, More… | Will It Escalate? | “95% Chance Of Widespread Violence”"
9437,Swansea City,0.0,Hillary Fan SLEEPS At Rally! Snoozy Smurf Steals Show! (ABC News) Coconut Creek FLA
9444,America,-1.0,"Neighbors Smell Smoke At Muslim Home, What They See In Window Is Horrific"
9560,U.S.,0.0,The Middle East Crises Trump Inherits Could Still Suck Him in
8133,America,-0.5,John Kirby and the US State Department Blatantly Support Terrorists - Henry Kamens
10548,North Carolina,0.0,Joe Giambrone on Hollywood’s Shameless & Underhanded Assault on Political Truth
10363,Paris,0.0,"Blame government, not markets for monopoly"
5685,New Moon,0.5,Carrot Top To Give Nobel Awards At Drive Thru Window
6128,U.S.,0.067,Gauis Publius: TPP Has Picked Up a Powerful Enemy — Black Lives Matter
7303,Syria,0.0,Training French soldiers to supervise Daesh
8367,Britain,0.05,November 8 Is (Finally) Here: An Abridged Election Day Resource Guide
9553,America,0.0,The Anatomy of Crisis and the Decline of US Empire
6917,New York,0.2,7 Ways To Prepare For An Economic Crisis
7811,Russia,-0.1,"14 Days to Do 14 Things, If Hillary’s Indicted-Extreme Violence Expected"
7529,France,0.05,Daesh abducts 1000s near Mosul to use them as human shields: UN
8353,Morocco,0.0,Oregon Standoff Leaders Acquitted For Malheur Wildlife Refuge Takeover
10250,Spain,0.267,"Muslims Start Chanting Allah On Plane, Flight Attendant Quickly Shuts Them Up"
8696,Israel,0.6,Unprecedented Surge In Election Fraud Incidents From Around The Country
9749,Israel,0.136,Re: DOJ AG Loretta Lynch Advised FBI Director to Keep New Emails from Congress
7253,Mosul,0.4,"Anonymous hacker Deric Lostutter faces 16 years in prison, while Steubenville rapists walk free"
5869,California,-0.175,McCain Pledges to Help Pentagon Fix Scandal Over Excessive Military Bonuses
6369,America,0.0,Like a “Concentration Camp” Police Mark DAPL Protesters with Numbers and Lock Them in Dog Kennels
7701,Standing Rock,0.0,You Can't Be Intersectional While at the Same Time Being Elitist and Exclusionary
6113,Jynxster,1.0,The World Is About To Witness A Breathtaking Once In A Century Event
9696,Russia,-0.5,Forbidden History. Secret Egyptology Exposed!
10124,Paris,0.0,THE AMERICAN PUBLIC CAN NO LONGER DEAL WITH THE LIMITLESS CORRUPTION OF THEIR GOVERNMENT
9390,Russia,-0.357,CAN'T TRUST OBAMA! Look At Sick Thing He Just Did To STAB Trump In The Back... * LIBERTY WRITERS NEWS
8552,Germany,0.0,Can nuclear war break out on the Korean Peninsula?
7863,US,0.0,Hacking Accusations Against Russia Are Sign of Washington's Desperation
8614,Cleveland,-0.5,Dr. MacDonald & Dr. Duke Expose the Vicious War on Trump by the Jewish Establishment!
10518,US,0.0,Election 2016 and the Weaponization of the American Public
9231,Russia,0.5,COMICAL: Larry the Cable Guy slams ‘indefensible’ hypocrisy from Donna Brazile
8088,Florida,0.0,Hillary Clinton in lead a day before Election Day
9307,Abu Dhabi,0.042,Teenage Boy KNOCKS OUT His Classmate For Assaulting Their Female Teacher In The FACE- And It’s EPIC!
8483,Wales,0.0,"Meteor, space junk, rocket? Mysterious flash hits Siberia"
10531,Britain,0.25,‘Why is it the first time I’m hearing about this?’ asks office wanker
5330,Russia,0.136,"BREAKING: New Law Stops Hillary In Her Tracks, She Is Now Officially Ineligible To Run"
6975,Turkey,0.0,"We do not like trampolining, say hedgehogs"
9618,Raqqa,0.0,President Putin Asks US To Stop Provoking Russia
7589,Guatemala,0.0,“I’ve Always Been An Admirer Of Donald Trump” – Taoiseach
9640,Iceland,0.0,Now waiting for the results | Opinion - Conservative
8059,D.C.,-0.5,BrotherJohnF Silver Update: Fake Election
8692,Washington DC,0.062,"When They Asked Her What She Thinks of Hillary Clinton, They Never Expected Her to Say THIS!"
9614,US,-0.1,Which Non-OPEC Producers Can Be Expected To Cut?
7147,Iran,0.0,Trump Team Begins Making List Of Executive Orders To ‘Erase Obama’s Presidency’ On Day One
10396,Yemen,-0.5,What The Trump Skeptics Got Wrong
10442,America,-0.2,Hillary Clinton Jumps the Shark with ‘Trump’s Secret Russian Server’ Conspiracy Theory
9738,Russia,-0.6,Alabama Prison Officials Retaliate Against Prison Strike Leader By Cutting Water To Cell
7410,US,-0.325,Re: Texas Police Arrest Trump Voter for Wearing “Deplorable” T-Shirt
5551,US,-0.125,"NGOs should condemn terrorists in Syria, not Russia fighting them – Foreign Ministry"
8648,Mosul,-0.3,Genetically Modified Crops in U.S. Fail to Deliver Expected Yields
9968,modern MI6,0.0,The Fatal Expense Of American Imperialism
6818,Britain,0.25,Comment on A Group Of Reluctant Men Hold Kittens For The First Time. Hilarity Ensures by para para dinle
7103,Arizona,0.75,Hillary Clinton BETRAYED by Her Own Family: “We’re Voting for Trump!”
7938,Oregon,-0.2,Green Party’s Margaret Flowers Challenges US Senate Debate in Maryland as Undemocratic [1]
6132,Mosul,0.168,#BoycottComedian…ROBERT DENIRO Wanted “To Punch Trump In The Face”…Supports Anti-Trump Rioters…Now Wants Americans To Support His New Movie [VIDEO]
6865,Canada,0.318,Doctor Finds New Life As A Clown More Fulfilling | GomerBlog
7986,Saudi Arabia,0.0,BREAKING : Bay of Pigs Veterans Association Endorses Donald Trump – TruthFeed
6622,US,0.0,Rigged Election: Hillary & Trump Caught Partying with Kissinger at Jesuit Gala
9785,China,0.0,Israel: 1984 Everlasting
5485,US,0.0,Georgia Abandons Ukraine's Anti-Russian Obsession - Archil Sikharulidze
9748,Yemen,0.0,"Trump Vows To ""Renovate"" the Bill of Rights"
6351,Russia,0.0,CNN Breaking News: Trump Tells Supporters To Vote Multiple Times
9652,Iran,0.25,Hillary’s “Big Tent” is Obama’s “Grand Bargain” on Steroids
6893,Russia,0.0,October 28: Daily Contrarian Reads
7831,Syria,-0.038,"How Western Media Teleported a Child 'Victim' from Homs to Aleppo (PHOTOS, VIDEO)"
9253,Moscow,0.2,"James Comey to be taken out, knows too much about Clintons"
8577,Russia,0.0,"‘A noun, a verb and Donald Trump’: Rubio seeks to seize on Murphy’s flaw"
10130,Russia,0.35,The True Scandal of 2016 Was The Torture of Chelsea Manning     :
10391,the United States,0.0,"“CLINTON, INC”: WATCH HOW’S IT PAINS MSM TO REPORT CLINTON CORRUPTION"
9742,US,0.25,I dare you to restrain yourself from laughing at Trump and Hillary in a stronger hot show
7946,Russia,-0.183,UFO Investigator - MAX SPIERS - Found Dead After Vomiting Black Liquid.
6939,US,0.0,Jewish Press Releases Audio Tape Exposing Hillary Clinton Plotting to Rig Election
7317,Russia,0.0,Clinton Campaign STUNNED As FBI Reportedly Reopens Probe Into Hillary Clinton Emails
6814,Russia,0.55,Physicists just found more hints of an elusive particle that’s its own antiparticle
5871,Ukrainian,0.0,SHOCK: NSA Can Recover ALL of Hillary’s Deleted Emails
6863,India,0.0,Electronic Voting Machines Caught Switching Trump Votes To Hillary: “Trying to Steal Texas” | Survival
10300,U.S.,0.0,"India's Stonehenge: 7,000-Year-Old Megalithic Site is Oldest Observatory in South Asia"
9765,North Dakota,0.275,Top US General Pleads With Troops Not To Revolt Over 2016
9569,Russia,0.0,Why Director Comey jumped at the chance to reopen Hillary investigation
6220,Israel,0.05,BLOOMBERG-BACKED PENNSYLVANIA ATTORNEY GENERAL SENTENCED TO 10-23 MONTHS IN PRISON
5849,Israel,0.0,Is A Birthday Surprise Coming For Hillary Criminalton? Kim Dotcoms Mysterious Tweet.
5772,Jerusalem,0.0,How To Reduce Stress
8902,Tokyo,0.125,The First Space Photo Of Earth - Shot From A Third Reich Rocket In 1946
5760,US,-0.1,"Russia, India will expand military cooperation with focus on Navy projects | Russia & India Report"
7169,Syria,0.8,"Make music great again, with these 10 Trumped up album covers"
7966,Fury,0.0,CNN Talker Famous for Saying 'Pu***' on Air Lashes Out at Newt for Saying Megyn's 'Obsessed with Sex'
6895,Dakota,0.0,Meet The Man Who Started The Illuminati
9302,America,-0.8,Syria’s UN Envoy ‘Appalled’ By Rebel Attacks On Civilians In Aleppo
9565,Russia,0.0,Collusion Between Facebook and Hillary’s Campaign Revealed in Clinton Emails
5826,Russia,0.0,"Report from the Refugee Camp in Calais, France: “the Jungle”"
6437,U.S.,0.068,AG Lynch told FBI Director Comey NOT to go public with the new Clinton email investigation
7588,Russia,0.136,FBI reopens Clinton investigation as new emails found ‒ Comey
9443,India,-0.15,Congress Knew For At Least Two Years About Pentagon Efforts To Take Back Bonuses From Veterans
6745,Virginia,-0.183,The Dark Agenda Behind Globalism And Open Borders
7314,US,-0.233,Re: 22 Reasons Why Starting World War 3 In The Middle East Is A Really Bad Idea
10056,Mosul,0.2,"Fifteen years after NATO bombings, Montenegro wants to join NATO"
9835,Syria,0.0,"US charges 61 with India-based scam involving 15,000 victims"
6787,Mexico,0.0,US: Kurdish Troops Will Be Involved in Invading ISIS Capital of Raqqa
5821,Ohio,0.0,Michael Moore Owes Me $4.99
6752,North Dakota,0.2,"A ""Gesture of Thanks"": Turkey arrests terrorists for extradition to Russia"
8524,US,0.0,Jack Heart: LUCIFER in the Temple of the Dog
7047,America,0.0,Guardian Front Page: “A 16-Year-Old Migrant Cries…”
10133,US,0.0,Restaurant Chain Tim Hortons Blocks Independent Journalist’s Website on WiFi
9930,Liver,0.0,Trump Makes Last-Minute Push To Appeal To Whites - The Onion - America's Finest News Source
9189,Syria,0.0,CLINTON CAMPAIGN COOPERATED WITH POLITICO ON ‘DEMYSTIFYING’ HUMA ABEDIN
5401,Vienna,0.0,Zakharova: Kiev's talk of an armed OSCE mission is disinformation
10061,Russia,-0.2,Manny Pacquiao's Son Dead? Report Says Jimuel Pacquiao Dies Of Asthm Complications - Morning News USA
6323,US,0.0,Hillary Clinton's Postapocalyptic Hellscape Plan??
6742,America,0.0,Carmel Institute celebrates 5th anniversary with jazz concert
5891,India,0.0,Trump’s Twitter Access Revoked - The Onion - America's Finest News Source
6074,Philadelphia,0.0,YouTube censoring videos – on censorship!
6982,Yemen,0.7,"Budgeting the Good War, for 75 Years"
7498,Ukraine,0.0,Will the anti-Clinton revolt among American elites gain momentum?
10060,Russia,0.0,American Funhouse: Manufacturing Consent
9093,US,0.1,Why Hillary Clinton Will Appoint Old World Nationalists to Cabinet Positions
9102,Washington,0.0,A guide to the Paradoxroutine
7132,Vermont,0.0,AT&T-Time Warner Merger: Another Media Consolidation That Puts Profits Over Consumers
9514,Canada,0.1,US Airstrike Kills Four Iraqi Troops Near Mosul
7940,Syria,-0.083,"‘Tolerant’ Liberals Show Nothing But Contempt, Hatred Toward Nation’s Only Black Supreme Court Justice"
5482,Japan,0.0,Armed Dakota Access Contractor Accused Of Trying To Infiltrate Water Protectors
10241,Cuba,0.0,18 State Swat Team Drill In Prep for Backlash Against a Stolen Election
9364,US,0.0,Michael Moore: Joe Blow Will Vote Trump As “Ultimate F–– You to the Elite… A Human Molotov Cocktail”
7276,New WikiLeaks Dump,0.167,"More Beer, Less Vodka as Russians Mull Ongoing Crisis - Rustem Falyakhov"
7789,Benghazi,-0.1,Understanding Propaganda - The Art Of Distraction And Disinformation
8906,Nevada,0.0,Huffington Post Continues Campaigning for Hillary Clinton
10522,Moscow,0.0,TRUNEWS 10/31/16 Dr. Lance Wallnau | Answered Prayer: The Cabal Crumbles
9397,Spain,-0.3,A Tea Party Congressman Just Called For Armed Uprising If Trump Loses
8332,Chance,-0.275,MARKETWATCH LEFTIST: MSM’s “Blatant” Anti Trump Bias May Be Suicidal
8974,Russia,0.0,"The Left Turns on Bob Dylan for His Pro-Israel Views, Refusal to Acknowledge Nobel Prize"
9008,Israel,-0.8,FACEBOOK Nazi Thought Police editors threaten to quit if Mark Zuckerberg doesn’t ban Donald Trump for hate speech
7236,Jerusalem,0.0,"Andrew Maguire – Paper Gold Market Trades Jaw-Dropping 6,800 Tonnes In One Day!"
10001,U.S.,0.0,What A Hillary Presidency Would Bring
9613,Colombia,0.0,This is What Will Happen to Mosul After ISIS is Evicted
6972,US,0.25,Mall of America to Close for First Time Ever on Thanksgiving
5728,Around Mosul,0.0,Former Director Of National Budget Warns That Markets Will Tank After US Election
7166,Iraq,-0.714,Delete Your Account – Episode 23: Don’t Get Sick
9965,US,0.284,"CNN Reach New Low, Call Sheriff Clarke A ‘Terrorist’ After Trump Gave Him The Most Important Job! | EndingFed News Network"
7264,Mosul,-0.008,(((Smithsonian))) Refuses to Include Judge in Black Museum Because He has Normal People Opinions
8421,US,0.0,"Syrian War Report – November 7, 2016: Russian Attack Helicopters Swarm in Homs Province | The Vineyard of the Saker"
7433,US,0.0,Google And God
5682,Nevada,0.0,Bernie Sanders Says What The Media Won’t: Trump Is A Gutless Political Coward
8594,Paris,0.0,Is it necessary to break the law to improve your standard of living?
10152,Italy,-0.4,Game changer? Trump supporter charged in voter fraud case
7913,Mexico,0.0,We told you so! The Zika virus is harmless
9275,Populism,0.0,Sesame Seeds for Knee Osteoarthritis
5413,U.S,0.0,Now We Can Finally Get to Work
7742,Texas,0.0,Trick-Or-Treaters Get Their Socks Rocked By BADASS Hillary Pumpkin Outside
8651,Mosul,0.0,Amurexit from NAFTA TPP Wall Street and Global Policeman
9381,Kenya,-0.2,Wife of Muslim jihadist who killed and wounded over 100 in Orlando nightclub massacre says she “knew nothing”
6837,Mosul,0.25,Farming Invented Many Times by Many Different Farmers Over A Vast Landscape. @CarlZimmer. @NYTimes. - Russia News Now
9771,Germany,0.0,Why Comey Reopened the Hillary Investigation
6474,Honduras,0.0,Hillary: Leaked Audio of Her Discussing Rigging an Election in Palestine
7217,North Dakota,0.0,The Intercept Outs Neocon Democrat’s Smear Against Trump as ‘Putin’s Puppet’ - Eric Zuesse
9701,Saudi Arabia’s,0.0,What You’re Not Told: 90% Of American Media Is Controlled By Six Corporations
5445,Jeddah,0.2,"Steve Quayle On Economic Collapse, World War 3 and U S elections"
7313,Vatican,0.0,The Militarized Police at Standing Rock is Working for This Man
8956,US,0.0,Bundy Ranch occupiers acquitted on all counts after challenging the corrupt Bureau of Land Management
6551,Russia,0.0,The Truth About Atlantis [Video]
9014,Russia,0.0,Western QLD Drovers Show Solidarity With C.U.B Workers By Only Drinking Sauv Blanc – The Betoota Advocate
6552,China,0.4,CNBC Just Confirmed Comey Is Abusing His Power To Help Trump
5325,U.S.,0.0,JASON CHAFFETZ EXPOSED HILLARY CLINTON’S PLAN TO BRIBE FBI AGENTS TO LET HER GO
7038,China,0.0,US Not Ruling Out Daesh Involvement in Afghanistan Offensive
6728,the United States,0.0,The United States Is Pre-Positioning “Enemy Assets” In Preparation For A Rigged Election
5484,France,0.0,Comment on “This is My Second One” — Virginia Cop Caught Bragging About Killing Two Unarmed People by Jamieson
8039,Israel,-0.146,News: Election Night Disaster: John King Tapped His Electoral College Map Too Hard And Fell Headfirst Into A Digital Hellscape
6936,U.S.,0.375,CLINTON EMAIL INVESTIGATION HAS SHIFTED THE POLLS SIGNIFICANTLY IN TRUMP’S FAVOR
10028,Mexico,0.0,"People Power! Natives declare treaty rights, police admit defeat - cite lack of 'manpower' to remove DAPL protesters"
9242,New Eastern Outlook,0.025,Boy With Autism Makes His First Friend Ever And His Mom Can’t Stop Crying
9623,Russia,0.0,Julian Assange October Surprise REVEALED
6159,US,0.25,First Contact Film Trailer
6367,US,0.0,370 Economists Sign Letter Urging America Not To Vote For Donald Trump
6090,North Korea,0.0,Julian Assange Ends The Suspense: “The Source Of Hacked Emails Is Not Russia”
6210,Russia,0.0,TRUMP TSUNAMI INCOMING: What Trump Did In Florida Today Will Make Him President!
8283,U.S.,0.0,Trump’s Star Vandalized On Hollywood Walk Of Fame - The Onion - America's Finest News Source
7271,Banana Republic,0.1,Nearly All Wild Animals Face Mass Extinction By 2020
9917,Israel,0.5,15 Foods That Contain the Most Vitamin E | Alternative
7524,Israel,0.0,TREY GOWDY: “WHAT IN THE WORD IS LORETTA LYNCH DOING TALKING TO COMEY”
9913,China,0.136,The Northern Sea Route: New Prospects for the Pacific Rim | New Eastern Outlook
6633,Russia,0.45,FREE Summit from Health Experts Teaches About Healthy Fats to Reverse Disease and Lose Weight
8389,China,0.0,Contaminated Food from China Now Entering the U.S. Under the 'Organic' Label
9487,BRICS,0.2,Forget Wikileaks...this is the real October Surprise that is going to stop Hillary
8326,U.S.,0.0,Donald Trump: The next President of the United States of America
7381,Israel,0.3,14 Days and Counting-There Will Be a Civil War No Matter Who Wins the Election
7216,London,0.0,Internet Is On Fire With Speculation That Podesta Emails Contain Code for Child Sex
9314,U.S.,-0.062,Southern Poverty Law Center Targets Anti-Jihad Crusaders (Ann Corcoran Honored!)
5329,Syria,0.0,Babylon Mystery Religion Series
10270,Vietnam,0.0,What is Federalism?
8752,America,0.425,Confirmed: Public overwhelmingly (10-to-1) says media want Hillary to win
7114,Philippines,0.0,Turkey Rounds Up Erdogan’s Political Opponents as Crackdown Widens
10444,Palestine,0.0,Trump controlled by Mossad
7146,Russia,0.0,THE POLLS CAN NO LONGER BE RIGGED THIS ELECTION
5538,Spain,0.136,New Lunar Craters Mystery | Space News
9804,U.S.,0.15,Donald Trump Wins The Presidency In Historic Victory
8376,US,0.0,Battle for the Ages
7090,Russia,0.0,Discrimination and Condemnation: Australia’s War on Boat People
8505,Iraq,0.0,The Empire Files: Inside Palestine's Refugee Camps
9432,Propaganda,0.0,The Israeli Trumpess
7677,Put North Korea,0.0,Comment on Sheriff Says Cannabis Makes People Murderers Because “Rational Thought” Leads to Violence by Isaid Dilligaf
7095,UK,0.0,Seven World-Historical Achievements of the Iraq Invasion of 2003
6859,Russia,0.062,Major Voter Fraud Already Running Rampant Against Republicans
7305,Russia,0.033,"Re: Yes, There Are Paid Government Trolls On Social Media, Blogs, Forums And Websites"
10453,US,0.2,The REAL REASON Hillary Was Not Prosecuted For Her Email Scandal Will Infuriate You
5546,Russia,0.0,Brexit and the Law
7425,Romania,0.0,It isn’t ‘Islamophobia’ when an Oklahoma GOP State Rep. says “Islam is a cancer in our nation that needs to be cut out”
6880,US,0.468,WELCOME TO PARIS where tour buses have to navigate around all the new Muslim tent cities filling the streets
9998,Hillary,0.0,The Israeli Trumpess
6830,US,0.0,US Insiders – Not Russia – Leaked Clinton Emails
7000,Syria,-1.0,Is This Why The Smash In Gold & Silver Is Happening? A Shocking Game-Changer For Gold & Silver Is Now Unfolding…
8417,US,-0.5,Dad in weird mood since 2004
8422,Russia,0.0,NATO Buildup in Eastern Europe: ‘We’ve Only Seen the Tip of the Iceberg’
10439,Syria,0.0,California & Oregon Want To Secede From The U.S. After Trump Election
7667,US,0.0,The NRA Just Admitted It Was Always Lying About Obama Confiscating Guns
8032,US,-0.2,Republican Protester Says He Was Nearly Killed After Trump Says ‘Take Him Out’
7304,New Eastern Outlook,0.25,"Former Miss Finland accuses Trump of sexual assault, bringing number of accusers to 12"
10501,Florida,0.0,United States  Reformation or Fracture?
8938,Brazil,0.0,CETA: Canada Has Challenged The EU’s Chemical Regulations 21 Times
6600,The United States,0.0,Tiny Homes Banned In U.S. At Increasing Rate As Govt Criminalizes Sustainable Living
5612,U.S.,0.5,"Life: When These Third-Graders Saw Their Classmate Didn’t Have A Lunch, They Kept Feeding Him More And More Lunches Until He Clogged The Door And Got School Canceled"
10113,America,0.0,Sex and the Presidential City
9409,Russia,0.0,The Guardian is Going Friggin Nuts Over Calais
7823,U.S.,0.038,AUSTRIAN DISGRACE: No jail for Muslim migrant who dumped his own baby in the middle of the road after he got drunk and enraged
5596,Washington,0.2,The Modern History of Rigged US Elections
9293,Venezuela,-0.05,STRANGE THING moving up Alaska’s Chena River caught on video
7480,America,0.0,President Obama’s Interview With Samantha Bee Will Have You Rolling On The Floor Laughing (VIDEO)
5547,Grand Piano,0.0,"WHAT HAPPENED? In 2014, Quebec tried to pass a Charter that would have banned all religious attire in public, specifically to prevent Muslim women from hiding their faces"
10410,Britain,0.0,Election 2016 and the Growing Global Nuclear Threat
5590,America,0.1,Pentagon: No Plan ‘So Far’ For US Troops to Enter Mosul
5502,U.S.,0.125,Russian pianist Denis Matsuev terrorized in US for supporting Putin
7127,New York,0.0,Former GOP Representative Calls For Armed Insurrection (VIDEO)
9169,US,0.0,Cop Versus Two Informed Teens who Refuse to Submit to an Unlawful Detainment
5850,Iraq,-0.4,Did Trump Make a “Secret Deal NOT To Prosecute Hillary” In Exchange for Her Concession?
8762,Texas,0.4,4 Truly Important Items for Your Post-Election List of Things to Protest
9428,US,0.0,Public vs. Media on War
9535,Orlando,0.0,Freedom Rider: Organizing in the Age of Hillary
6246,The United States,-0.25,"As Crooked HIllary Investigation Reopens, Democrat Cities Push To Allow Illegal Immigrants Voting"
5602,Lifetime,0.518,CNN Calls Sheriff Clarke A ‘Terrorist’ After Trump Considers Giving Him An Incredible New Job | EndingFed News Network
9303,Brexit,0.0,Town in Wisconsin Passes Law That Fines Parents of Bullies
7200,Washington,0.136,FBI Investigating New Clinton Emails - The Onion - America's Finest News Source
5336,Saudi Arabia,-0.125,Euro-Russian Mars Lander May Have Exploded Due to Software Glitch
9764,Canada,0.0,The Limitations of Randomised Controlled Trials
7375,EU,-0.167,Shallow 5.4 magnitude earthquake rattles central Italy; shakes buildings in Rome
7014,UK,0.0,Trumps Hollywood Walk of Fame star Destroyed with a Sledgehammer and Pick
10304,Zimbabwe,0.0,Refugee Resettlement Watch: Swept Away In North Carolina
8709,Russia,0.0,November Kale
7670,Leave,0.117,300 US Marines Deployed To Norway Near Russian Border For First Time Since World War II
10462,Ukraine,0.0,Julian Assange: Why We Published What We Have on the US Elections
9463,UK,0.0,Pakistan expels India diplomat in tit-for-tat move
10340,America,0.136,News Shot: Detroit Airport Uses New System To Control Travelers
9525,Russia,0.0,Lawbreaking AirBnB At It Again: Sends Out Spam That Violates CAN-SPAM Act
8949,Ohio,0.2,"Comment on Entitled Customer Slams Restaurant On Yelp, What Happens Next Is Sheer Badassery by customize your own jerseys"
6989,Florida,-0.125,Exclusive: Foreign Isis Fighters Defend Mosul Frontline as Locals Flee
7210,Russia,0.0,The President Of The United States of America: Donald J. Trump
9474,North Dakota,0.5,Michael Bloomberg Names Technological Unemployment as the Next Administration’s “Greatest Conundrum”
9977,Russia,0.0,Two Points About the Hillary Clinton Email Fiasco
6167,Massachusetts,0.05,IT Firm Wins $63Mln US Army Contract in South Korea - NCI
9019,Russia,-0.025,"Wall Street, Hollywood, The Media And SJWs Fail To Stop Donald Trump From Becoming America’s 45th President"
7484,Syria,0.0,"650,000 Emails Found On Anthony Weiner’s Laptop; DOJ Blocked Foundation Probe"
6432,Germany,0.083,Election’s Rape And Sexual Assault Accusations Need to Be Taken Seriously
8181,Russia,0.0,It Turns Out Trump Put off Investigators for 6 Months While He Destroyed Emails
8635,India,0.0,Russian Navy Moves Guided Missile Ships to Baltic
10179,Israel,0.0,BRICS Countries to Invest $500 Million in Russian Gold Deposit - Kira Egorova
5671,U.S.,0.0,Hybrid Wars 8. Strategies Against Africa – Introduction
8497,Palestine,0.0,We’re All Going To Lose On November 8th: Get Prepped With This Post-Election Chaos Checklist (VIDEO)
5673,Brazil,0.1,HIV ‘Cure’ Almost Complete after Scientists Remove Virus’s DNA from Living Tissue
6319,North Carolina,0.0,Vortex Structured Water [Video]
5812,D.C.,0.0,Getting 10 Minutes of Sunlight Per Day Can Stop Depression
7222,US,-0.05,AUSTRIA: Freedom Party leader calls Chancellor Angela Merkel the “most dangerous woman in Europe”
7223,Dakota,0.0,The Sex Scandal That Could Change The Election
7922,America,0.0,OFF TOPIC: Unlike Muslims…horses actually do have a sense of humor
8397,Russia,-0.1,This Irish TV channel killed their weather presenter for Halloween
8525,Moscow,-0.25,Scientists Claim To Have Found 234 Alien Civilizations
9232,America,0.0,I Am A Syrian Living in Syria: “It was Never a Revolution nor a Civil War. The Terrorists are sent by your Government”
10247,Russia,0.5,Baby Bonds: A Plan for Black/White Wealth Equality Conservatives Could Love?
7345,Standing Rock,-0.2,Two-time world champion in kickboxing killed in Moscow. Video
6672,Mosul,0.0,"Death of millions of Yemenis in the ""forgotten war"""
5408,Us,0.0,Texas county switches to 'emergency paper ballots'
10372,Russia,0.217,"Police Family Fakes Robbery, Vandalizes Own Home to Blame it On Black Lives Matter"
5439,Oregon,0.1,What DNC Donors REALLY think of African Americans
5623,Mosul,0.0,Leaked email shows Monsanto Executive V.P. invited to 'Hillraiser' fundraiser to put Clinton into the White House for Monsanto's benefit
8473,Yemen,0.0,Clintons Are Under Multiple FBI Investigations as Agents Are Stymied
5606,Vermont,0.232,"First Iraqi Troops Enter Mosul, But Fighting Remains Largely in Suburbs"
5753,Yemen,-0.071,SHOCK VIDEO : Hillary Needs Help Climbing ONE SINGLE STEP in Florida – TruthFeed
10085,Spain,0.0,Climate Engineering And Cryosphere Collapse
6057,Washington,0.15,Donald Trump Wins The Presidency In Historic Mandate Victory As Hillary Clinton Concedes
5544,Eritrea,-0.607,"Illegal Thug Returns After Deported Twice, Gives Sick ‘Gift’ To Girlfriend"
7363,Reno,-0.28,A brutal spoof advert for the new Macbook that highlights everything it doesn’t have
8560,China,-0.15,"Politico Tries to Destroy Trump, But It Backfires IMMEDIATELY"
9097,New York,0.2,ICE Agent Commits Suicide in NYC; Leaves Note Revealing Gov’t Plans to Round-up & DISARM Americans During Economic & Bank Collapse | EndingFed News Network
9780,US,0.0,Gold prices on the way to all-time highs
5899,Mosul,0.168,Republicans in Congress are ready for Hillary as they prepare for new probes into Clinton Foundation
7590,US,0.0,Puh-LEEZE! DOJ’s ‘policy’ reminder to FBI is shameless (especially considering THIS) – twitchy.com
7587,U.S.,0.0,Show biz: Business and breakthroughs
6433,America,0.006,"New Company Aims To Explore Intersection Of Technology, Other Thing - The Onion - America's Finest News Source"
5751,US,0.0,When Will It End? Police Clash with Pipeline Protesters
10557,Philadelphia,0.7,A List of Best Password Managers Offering Both Free and Premium Services
5313,Italy,0.118,New bionic eye implant connects directly to brain
9927,Moscow,-0.383,GLOBAL WARMING ALARMISTS DISAPPOINTED THAT HURRICANE MATTHEW WASN’T WORSE
10441,Syria - Waiting For The Next Moves       ,-0.132,FBI REDUX: What’s Behind New Probe into Hillary Clinton Emails?
7732,Broward County,-0.3,"Hillary Isn’t Only One Who Suffers Memory Loss, Look What Bill Just Did…."
9848,U.S.,0.0,Our Debt to Paula Jones
8082,America,-0.025,“Billionaire” Donald Trump’s Presidential Campaign Is Flat Out Broke
10457,Larium,0.0,Reasons to Risk Nuclear Annihilation
6970,Mozambique—1993–1994,0.0,BAHAHA! Wanna bet Hillary made THIS face when she found out about the FBI? [photo]
5939,Russia,0.5,Comment on The Science is “Overwhelming At This Point” Wifi Industry Appeals Brain Tumor Association Ordinance by THE SCIENCE IS “OVERWHELMING AT THIS POINT” WIFI INDUSTRY APPEALS BRAIN TUMOR ASSOCIATION ORDINANC - WAKING SCIENCE
10016,Pakistan,0.08,"“We won, you lost, get over it” Brexiters told outside High Court"
9203,Islamabad,0.0,Political Correctness for Yuengling Brewery; What About Our Opioid Epidemic?
5585,Orlando,0.0,Links 11/11/16
5701,China,0.0,VIDEO : Sean Hannity “The American People Have Finally Been Heard” – TruthFeed
10394,America,-0.6,SWEDISH OUTRAGE as Muslim colonizers get preference for housing while native Swedes are out in the cold
7635,Tel Aviv,0.136,U.S. LAWMAKERS RAISE PRIVACY CONCERNS OVER NEW HACKING RULES
7258,Washington,-0.167,U.S. Currency Hidden Images
6722,Syria,-0.45,"Monsanto Behind 4-Years-in-the-Making, Failed Peace Deal in Colombia"
8590,Russia,0.0,Oathkeepers to Prevent Voter Fraud- Operation Sabot
9375,Turkey,0.8,Non-mainstream poll shows Trump poised to win with 76% chance
10420,Russia,0.0,The Source of our Rage       :
6223,Topshop,0.0,Trump Supporters Booby Trap Polling Place And Spill Blood Of Election Volunteer (VIDEO) | Addicting Info | The Knowledge You Crave
7560,US,0.068,"Comment on ‘Voting Is Rigged & Used To Pacify The Public’ Says Three-Time US Presidential Candidate Ron Paul by Anonymous: There Is No One Way To Live On This Planet, But We Can Be Harmonious – Collective Evolution"
7426,US,0.0,Brexiters set up demented ‘people’s courts’
5674,Arkansas,-0.188,"Prime Minister of France says, “if we grant immediate asylum to illegal alien Muslim invaders, by tomorrow they will be speaking French and sharing French values”"
8699,Propaganda,0.4,US Presidential Elections Sound a Warning of Catastrophes to Come
8773,US,0.0,DONALD TRUMP & DEUTSCHE BANK: DID CLINTONS LEAN ON US JUSTICE DEPARTMENT?
8933,Briefing,0.0,Why You Should Stop Apologizing for Doing All That You Can
6017,Moscow,0.0,WikiLeaks Documents Reveal United Nations Interest In UFOs
10534,U.S.,0.0,Fashwave Friday: Endgame
6754,America,0.0,"Blog: If Donald Trump Pardons Me, I Would Be Honored To Serve As Secretary Of Agriculture"
7438,Russia,0.05,Re: Why Did Attorney General Loretta Lynch Plead The Fifth?
9723,South Dakota,0.2,BREAKING: THE REAL REASON HILLARY CLINTON WONT BE CHARGED BY THE FBI
7180,Bikini,0.0,"Blame Government, Not Markets, for Monopoly"
8801,Chicago,0.0,Michael Oliver – Here Is The Big Picture For Gold After The Takedown
8640,Russia,-0.1,Military op to retake Mosul from ISIS
10042,Mosul,0.0,"Lesson learned? Goldman Sachs says not to expect ""Brexit-type surprise"" on Nov. 8"
5569,US,0.0,Three Ways to Recharge Your Energy Using Crystals
8396,France,-0.1,Lawyer Who Kept Hillary Campaign Chief Out of Jail in DOJ Hillary Probe
5903,Mexico,0.0,Quit Smoking! Smoking Cigarettes Causes 150 Genetic Mutations and Cancer
8265,Ohio,0.5,The Latest ABC/WaPo Poll Has the Hillary Campaign Sounding the Alarms
8527,America,0.0,Banana Republic Election in the United States?
9205,Italy,0.068,TIME MAGAZINE Reaches NEW LOW: It’s “Sexist” To Investigate Hillary Clinton!”
5513,UK,0.15,"If Donald Trump Wins The Election, It Will Be The Biggest Miracle In US Political History"
9964,Oregon,0.0,"Comment on Creating a National Security State ‘Democracy,’ Or How the American Political System Changed and No One Noticed by James Miller"
6616,Britain,0.0,PATRIOT Act At 15: Do You Feel Safer?
5793,Rasmea Odeh’s,0.0,"Rebels Escalate Attacks on Western Aleppo, Killing 12 Civilians"
7209,Russia,0.2,Militias prepare for election unrest while Christians fast
7015,Syria,-0.2,Saudi Arabia to behead disabled man for taking part in protests
8715,US,-0.7,Cars That Broke Bad
9089,China,0.1,“Has science gone too far?”
10101,US,-0.2,Green Party’s Margaret Flowers Challenges US Senate Debate in Maryland as Undemocratic
6905,U.S.,0.0,Marcus Mumford after Bundy verdict.
8024,Mosul,0.0,#2816: Clinton Pride’s 8(a) Pig Farm Bridge – Serco Zulu Server Snuff –Soros's Patented Voter Key
7526,Iraqi City,-0.3,Dems File Complaint w/DOJ Against FBI for Investigating Hillary
9615,Israel,0.0,Tradesman keeps promise
6609,Israel,0.0,"BREAKING : LGBT Group Endorses Trump, Says, “Hillary is Detrimental for Gays” – TruthFeed"
10509,Jerusalem,0.0,The Political Songs Of Leonard Cohen
6886,Photos,0.0,How the Oligarchy Has Prepared the Groundwork for Stealing the Election
6541,Russia,0.07,New Leak Exposes Hillary’s Real Plan For Clinton Foundation Foreign Donors
7221,Ohio,0.0,WIKILEAKS : Hillary Receiving Donations from Radical Muslims in Turkey – TruthFeed
8507,Portugal,0.0,Jeremy Vine already tripping his tits off
9824,Finland,0.167,“Homicides Up 55 Percent”–Chicago Stays Vibrant
6632,The United States Permanently,-0.167,"Black Agenda Radio for Week of Nov. 7, 2016"
7794,America,0.0,Juror in Oregon militia trial dismissed for bias: judge
10538,Iraq,-0.5,An Angry John Podesta Issues A Statement On “Reopening” Of FBI Probe
9280,Syria,0.0,300 US Marines To Be Deployed To Russian Border In Norway
8336,Norway,-0.019,ISIS shoots down Russian helicopter near Palmyra (VIDEO+PHOTOS)
8883,US,-0.5,The Sad Evolution Of Education Summed Up By One Meme
6887,Japan,0.175,German Defense Minister warns Donald Trump to stay away from Russia and commit full to NATO
9119,North Korea,0.0,Trump Votes Are Being Flipped To Clinton
7325,Washington,0.0,War is eminent
10529,US,0.0,Women Should Vote With Their Husbands
7330,Saudi Arabia,0.0,"They Said What?!: Find Out What Reba McEntire, Whoopi Goldberg, And Pope Francis Have To Say"
10036,Yemen,0.8,Media Roll Out Welcome Mat for ‘Humanitarian’ War in Syria
7478,Michigan,-0.125,Nuclear weapons: how foreign hotspots could test Trump’s finger on the trigger
8596,Florida,0.0,"China, Russia, The Silk Road, Commodities, Nixon And A Massive Bull Market In Gold & Silver"
9401,Pakistan,0.5,Twitter has been looking into the future: read the best 16 predictions
7854,US,0.3,Powerful Photo Series Challenges Society’s Perception Of The Obese
10238,Syria,0.0,The People Are Laughing at the Liberal Media
9827,California,0.0,#DraftOurDaughters: Pro-War Hillary Faces Backlash Over Female Draft
5908,US,0.0,From Berkeley to Kent State
6606,America,0.0,Twenty Years of a Dictatorial Democracy     : Information
8927,Saudi Arabia,0.0,"Decorated ‘Hero’ Cop Caught Using His Authority to Steal $170,000 in State Fees"
7625,America,0.262,Cop Caught on His Own Body Camera Stealing Money From Unconscious Crash Victim
6589,Japan,-0.25,Clinton Aide Says Future WikiLeaks Releases Are 'Probably Fake'
5755,Japan,0.0,Re: French Political Leader: “France is about to Enter a Holy War with Islam” – “Embrace Christianity… Never Accept the Religion of Satan”
8919,Bengaluru,0.068,John Podesta’s New Global Order
7232,Russia,0.25,Hipster dog only likes 80s dog food that you can’t get any more
6678,Texas,-0.062,Press release on Foreign Minister Sergey Lavrov’s meeting with Namibian Deputy Prime Minister and Minister of International Relations and Cooperation Netumbo Nandi-Ndaitwah - Russia News Now
5420,Aleppo,-0.073,12 and 63-minute videos: Donald Trump connects to false flag targeting Muslims. Did you really think our ‘masters’ offer anything other than false choice between Left and Right arms of a .01% US rogue state?
7859,Russia,0.0,Tribute to the Last Honorable US Senator: The Story of Paul Wellstone’s Suspected Assassination
8550,North Dakota,0.1,Putin: Crimean Integration Into Russian Legal Framework Goes Forward
8354,Paris,-0.05,Comment on 10 Strange Facts About Our Presidents by tania de saram
10549,Aliens,0.0,French Political Leader: “France is about to Enter a Holy War with Islam” – “Embrace Christianity… Never Accept the Religion of Satan”
6949,Russia,0.5,Dr. Duke and Andrew Anglin discuss the most important vote and election of our lives!
8997,US,0.0,UN’s Yemen Peace Plan Would Sideline Former President Hadi
9654,Washington,-0.208,Experts Speechless! Countless People Miraculously Relieved of Serious Illness & Diseases-Must See!
10023,The Vineyard of the,-0.1,"Minnesota Man Arrested, Sentenced to 6-Months in Jail for Having a Windmill On His Property"
8319,Russia,-0.071,"This is tyranny not democracy, says party with single MP"
10378,Voting,0.0,Re: DePaul: “Unborn Lives Matter” Posters Are Veiled Bigotry
7665,Boding Ill,-1.0,Bill Clinton’s Lover: He Called Ruthless Hillary ‘The Warden’
6115,Iran,-0.15,Did You Notice Anything Different In The MSM Lately?
7538,Iraq,0.3,BOMBSHELL: Hillary Clinton’s Leaked Audio Proves She Rigs Elections
6010,Syria,-0.35,| Man whose son was killed by illegal immigrant files two suits against feds
5560,Lebanon,0.0,"Re: The U.S. Will Lose Global Reserve Status, Expect 80-90% Devaluation Of the U.S. Dollar"
6055,Propaganda,0.0,How The Oligarchs Plan To Steal The Election
5503,America,0.0,"Space Wars Likely In The Future As US, Russia Develop Satellite Weapons"
9098,Philadelphia,0.0,The She-Devil
8195,Syria,0.0,The US Elections Do Matter But Not Necessary To Follow Them – Sheikh Imran Hosein
6964,Russia,-0.4,Project Veritas: Scott Foval Reveals Who Was Really Behind the Romney 47% Video
9376,Spain,0.1,Donald Trump Begs Hillary Clinton Early Voters to Change Their Votes
9767,Pennsylvania,-0.55,Family of Armed Robbery Suspect Outraged Pizza Hut Employee Shot & Killed Their Son
8655,America,0.0,'Racist and sexist’ complaints against Aussie lamb advert rejected
9230,Russia,0.0,Pentagon Seeks Another $6 Billion for Overseas Troop Deployments
10214,Cuba,0.5,The Most Interesting Chart In The World – Part 2
8275,Rwanda,0.0,"Spy Scandals, Globalism and the Betrayal of America"
6547,Philippines,-0.1,John Oliver’s Smear Tactics Exposed As Establishment Propaganda
6497,UK,0.1,Standing Rock Indian Reservation: Thousands Of Wild Buffalo Appear Out Of Nowhere
8621,Turkey,0.0,Western “Culture” is Wrecking Entire Continents
9185,Venezuela,0.0,ISIS: Mortal Threat Or Paper Tiger?
6012,US,0.125,Someone left a funny note asking the postman to move a spider
8056,Moscow,0.0,Hispanic Crowd Boos Marco Rubio off Stage
10329,England,0.33,High Court Judges looking for a Truss to support them. More soon.
8208,Russia,0.157,New Poll: Americans Feel Less Safe After 15 Years Of War
7401,Oregon,0.0,"If Clinton Campaign Believes WikiLeaks Emails Are Forged, Why Don’t They Prove It!?"
10120,Syria,-0.6,Obama Meets Boy After Deplorable Trump Fans Attack His Wheelchair When He’s Removed From Rally
10472,Maps,0.0,“Honor Our Immigrant Veterans” Replayed
10365,Iran,0.0,Trump Supporter Jailed for Trying to Rig the Election By Committing Voter Fraud
8223,Florida,0.0,Help Blow Up the Globalists Plot to Steal the Presidency- Make This Go Viral
10144,Yemen,0.0,Biggest Election Fraud In History Discovered In The United States
6178,US,0.0,Duterte Calls US Admin ‘Monkeys’ for Halting Arms Sales
8736,Russia,0.0,Malaysia to Buy Ships From China in Another Blow to US Regional Dominance
10310,Iran,0.0,Vladimir Putin Condemns Europe for Upholding Child Rape (Video) - Ricky Twisdale
7666,Venezuela,-0.036,Is This A New Escalation? BLACK Chemtrails Reported Around The World!
9698,Italy,0.0,BREAKING : Trump BEATING “Federal Investigation Hillary” by 4% in Michigan’s Absentee Voting – TruthFeed
9497,Sweden,0.0,"‘Like Warsaw ghetto’: Attendees attacked, surrounded at Israeli speaker event at London university"
10404,Germany,0.0,"Comment on St. Charles Borromeo, Patron Saint of Catechists and Seminarians by jose"
9512,Russia,0.0,Sniff your underarms and tell us if you stink...
9063,China,0.75,Must Watch: When People Laughed At Donald Trump And Anyone Who Said He Would Win
10367,the United States,0.0,Comment on Facebook Daughter’s Day Hoax Is A Sign Of The Times by para kazanmak
7285,US,0.0,The Last Confirmation Bias Test of This Election
5888,Syria,0.25,Unprecedented letter from Chair of Joint Chiefs suggests U.S. military does not want a President Hillary
5943,America,-0.05,North Dakota Police Arrest Over 140 Pipeline Protesters
6398,Washington,-0.4,Ooh Fuck
6290,Millet,0.258,"The American Way: Socialism for the Rich, Free Enterprise for the Rest"
8879,Ireland,-0.1,BREAKING: Trump Rushed Off Stage After Alleged Gunman Found in Rally Audience
7864,Pa.,0.0,"FBI Assistant Director Goes Rogue, Stabs Hillary in the Back on National TV"
10024,Florida,0.0,Photo of the day: Miss Russia at the international beauty contest in Tokyo
7595,Washington,0.3,"Leaked Email: ‘If She Wins, Hillary Will Own The Supreme Court for the Next 30 to 40 Years’"
6943,US,0.2,Economic Nationalism: Alternative To Globalism
7354,U.S.,0.05,Experts Just Uncovered The Top Secret Server Trump Uses To Talk To Russia
5649,Dublin City,0.136,Travel: Conor McGregor’s Guide To New York
9005,US,-0.3,"Kiev officials forced to declare incomes, Ukrainians threaten revolt"
9111,Yemen,0.0,"Walnuts Are Drugs, Says FDA"
7294,Saudi Arabia,-0.5,Hotel CEO Caught Celebrating Using Government to Make Airbnb Illegal So They Can Price Gouge
6389,Iran,0.0,"Reinventing Democracy in America Starts by Voting, Then Building an Accountability Movement"
9227,Iraq,0.0,PressTV-Huge blast kills 47 in Pakistan's Balochistan
9183,Syria,0.0,"What is an ""income"" tax and where did it come from? NOT the 16th Amendment!"
5528,Lebanon,0.5,The Reopening Of The Clinton Email Investigation Is More GOP Hype Over Nothing
9261,MOBILE,0.0,"United States – reformation or fracture?, by Thierry Meyssan"
9335,Photo,0.0,British PM Refuses To Withdraw Support For Saudi Arabia
5727,Arizona,0.0,Proof God is on Duterte’s Side!
9899,UK,0.0,"Obama, Erdogan Discuss Need for Close Cooperation to Counter Daesh"
8196,Russia,-0.8,Voter Dreading Being Sent Over To Visibly Stupid Poll Worker - The Onion - America's Finest News Source
8391,Colombia,0.25,North Korea Threatens ‘Sacred’ Nuclear War Against Israel if this country continue supporting ISIS
9009,Japan,1.0,Magnificent Jellyfish Gardens Purify The Water While Growing Food
7902,Russia,-0.6,A Book Too Dangerous To Read
7399,Russia,-0.156,"This Will END Hillary’s Campaign, HILLARY CLINTON IS GOING DOWN"
10429,Korea,0.0,"US Officials, FBI See No Link Between Trump and Russia"
9529,Israel,0.179,‘They Don’t Speak For Me’ — Evangelical PhD SLAMS Religious Right Leaders Supporting Trump
8077,Yemen,0.0,Anyone from the family who can understand what I speak will be appointed as UP CM: Mulayam Singh
6683,Hollywood,0.0,"Unsurprisingly, this Ku Klux Klan leaflet has a spelling mistake"
9957,Illinois,0.0,"American Dream, Revisited"
5604,Russia,0.0,Benny Morris’s Untenable Denial of the Ethnic Cleansing of Palestine
7760,Vladivostok,-0.4,GOOGLE head Eric Schmidt's secret strategic plan for election...
6093,America,-0.2,Kp Message 10-30-16… “A Few Things”
8830,V.S.,0.0,'America Has Lost' in the Philippines as Duterte Calls for Alliance with Russia and China - Pepe Escobar
7998,U.S.,0.0,California's Death Penalty: Mike Ramos v. Kevin Cooper and Proposition 62
9877,US,0.0,Olivia Newton John's Daughter Is Vocal About Plastic Surgery Addiction...Here Are the Family Photos She Doesn't Show - Independent Journal Review
9328,US,0.0,Cahill vs. Kalma Debut Album Out Now!
7907,Nebraska,0.0,Comment on FBI: No link between Trump and Russian government by Christian Zionist
8438,America,0.25,"""Top Five Clinton Donors Are Jewish"" - How Anti-Semitic Is This Fact?"
9166,Progressive,0.0,Russia And Syria Blamed For Idlib Bombing Hoax
6679,America,0.0,FBI Sources believe Clinton Foundation case is “likely moving toward an indictment”
6915,US,0.458,Mike Pence Is Fine With Trump Sexual Assault But Offended By Voter Suppression
6106,Tunisia,0.0,Learning Horrors of War from Vets
9211,Libya,0.0,"Shiite militia says it is close to Tal Afar, which Turkey has warned is off limits"
6410,Arkansas,0.1,Some Early Voters: Changing their Minds
9778,Pakistan,0.1,20 Foods That Naturally Unclog Arteries and Prevent Heart Attacks
6813,Podesta,0.0,Condell: America’s Moment Of Truth
8398,Abedin,-0.288,SATAN 2: Russia unvelis an image of its terrifying new ‘SUPERNUKE’ – Western world takes notice
7042,Lynch,0.0,RI's YouTube Channel Tops 100 Thousand Subscribers and 60 Million Views - Damir Marinovich
8546,Mook,0.0,Comment on Will Michelle Obama Be The Replacement Nominee If The FBI Email Investigation Ends Hillary Clinton’s Campaign? by marlene
8496,US,0.0,America at the Crossroads: Abrogation of Democracy
6285,UK,0.0,Trump Gives 6 Reasons To Vote For Him
8523,Russia,-0.25,NY Times: Trump Supporters are Threatening a ‘Violent Revolution’ if Hillary Wins
9860,IOWA,0.0,Five Filipino hostages freed by Somali pirates reunite with families
8971,Fla.,-0.4,"Guy Fawkes, The Gun Powder Plot & How False Flags Have Shaped History"
8995,Russia,0.17,Re: Rights? In The New America You Don’t Get Any Rights!
8369,Oregon,-0.5,OPEC Fails to Agree as U.S. Energy Industry Ramps Up
9633,Damascus,0.0,WW3 Nuclear War Drills World War 3 To Start In Ukraine
6608,Russia,-0.2,Facebook user wastes two hours sharing things to impress his insurance company
6422,Yemen,0.0,"250,000-year-old artifact: The ultimate evidence of ‘Ancient Astronaut’ technology?"
6153,US,0.2,"SHOCK STATEMENT: Anthony Weiner SPEAKS, Drops LEGAL NUKE On Hillary"
7643,The United States,0.0,Trump Tower Surrounded By Dump Trucks In Anticipation Of Violence
10212,U.S.,0.0,"AT&T-Time Warner Merger To Expand Corporate, State Control Of Media"
9495,Russia,-0.083,Racist Sign Calls For Lynching Black People To Prevent Them From Getting Equal Rights
6911,Core Wounds,0.0,Debate: NATO's eastward expansion
9663,US,0.0,Tony Blair suggests a second referendum to reverse Brexit
10318,US,0.0,Selected Not Elected: The Election Has Been Stolen
6653,US,0.8,VIDEO COMPILATION: Pundits and Politicians Insist Donald Trump Cannot Win Election
10069,Syria,0.0,Kurds Worried Turkey Will Stab Them in the Back as They Fight ISIS
9216,US,0.0,"Vicar sacked over orgies, hookers & porn after wife exposes his double life"
5828,US,0.0,Make America Vote Again
9118,Pakistan,-0.15,WikiLeaks List Exposes At Least 65 Corporate ‘Presstitutes’ Who Colluded to Hide Clinton’s Crimes
9276,China,0.0,"Ashutosh attempts suicide at protest rally, rescued while proofreading suicide note"
6271,Russia,0.0,Why We Wait For The Future
7636,U.S.,-0.2,U.S. militia girds for trouble as presidential election nears
8836,Syria,0.0,Continental Gold
6780,Russia,-0.106,Comment on A Chinese Boy With The Ability To See In Pitch Black Dark Baffles Scientists (Video) by Adpres Media - Adpres.net
8366,Texas,0.0,Badass Patriot Has MASSIVE Surprise For Thieves Who Stole His Trump Sign
6277,France,0.0,FBI Officials: No Link Between Donald Trump and Putin…
5895,Russia,0.0,Election 2016: Open Thread
10233,Syria,0.25,FBI PANIC! Hillary LIES In First Press Conference While A LEAKED PHOTO From Her Airplane Reveals The Truth
7952,Russia,-0.125,Louis Farrakhan (Nation of Islam) agrees with Donald Trump about the need for extreme vetting of Muslim immigrants
10010,Malaysia,0.0,Michael Moore Owes Me $4.99
7395,US,0.0,Baking Soda & Coconut Oil Can Kill Cancer: Eye-Opening Evidence
5581,Russia,0.0,Comment on 65 US ‘journalists’ at a private dinner with Hillary Clinton’s team and John Podesta by Debbie Menon
7202,Russia,0.0,"OCTOBER GUN SALES SEE MASSIVE SPIKE, SET YET ANOTHER RECORD"
8098,Russia,0.0,BREAKING: White House Abandons TPP & TTIP
5860,Oklahoma,0.05,Soros Paid Al Gore MILLIONS to Push ‘Aggressive US Action’ on Global Warming
8554,Benghazi,0.08,Facebook Faces High Profile Lawsuit Regarding Facial Recognition Technology ‘DeepFace’
7377,South Africa,0.0,Only 3 Countries Left Without a ROTHSCHILD Central Bank
5610,US,0.0,"BUSTED! Pro-Trump PAC Rep Admits To Voter Suppression Campaign Targeting Blacks, Suburban Mothers"
9588,Arkansas,0.0,Nonduality and the Consciousness of 'Things' - Thich Nhat Hanh
9966,Douma,-0.5,Obamacare is Meant to Fail in Order to Usher in Government-Run Socialist Health Care
8632,Syria,0.0,"Donald Trump’s grandfather ran Canadian brothel during gold rush, author says"
8781,Saudi Arabia,0.0,CodeSOD: The Wisdom of the Ancients
6431,MASSACHUSETTS,0.7,The Media Ignores the Good News On Climate Change
9264,Crimean,0.0,"Meteor, space junk, rocket? Mysterious flash hits Siberia"
5317,US,-0.142,"Leftist Hypocrisy On “Peace, Love, And Equality” BRUTALLY Exposed"
7847,Russia,0.5,More Than 1 Million ‘Check In’ On Facebook To Support The Standing Rock Sioux
8999,China,0.25,America's Trump supporters may be lured to Florida and walled in by US government to maintain peaceful transfer of power after election.
7091,US,0.0,Re: Vladimir Putin
6405,US,0.0,"FBI Found ""Tens Of Thousands Of Emails"" Belonging To Huma Abedin On Weiner's Laptop"
10128,Yugoslavia,0.0,Tennessee Children with Brittle Bones Suffer in State Care as Mom Charged with SBS
7564,Russia,-0.4,Donald Trump May Have Broken The Law To Avoid Paying Federal Income Taxes
9594,US,-0.605,Bad News For Jackson Family As Woman Leaks Star’s Sick $900k Sex Secret
7761,Mosul,0.0,FBI debunks Hillary's Conspiracy Theory: Trump is NOT a Russian Agent
8018,France,0.25,Megyn Kelly Finally Reveals The Details Of Ailes’ Sexual Harrassment
8046,Ottoman Empire,0.35,"‘Most wanted’ drug baron hands himself in, says life on the run ‘got too much’"
6008,Saudi Arabia,0.0,State Polls: Trump Gains DRAMATICALLY | Daily Wire
9043,Douma,-0.3,Johnson & Johnson Loses Yet Another Multimillion Dollar Case Over Baby Powder
7268,Syria,0.068,Former US Attorney for DC: New Hillary Email Probe Was Result of ‘Revolt’ Inside FBI
8244,Estonia,-0.4,House Republicans Plan Secret Meeting To Discuss Overthrowing Paul Ryan
6558,Russia,0.357,Scientists Claim That “Most Cancer Research Is Largely A Fraud”
6973,America,0.5,NATO calls for more troops for face-off against Putin
6729,North Korea,-0.5,"Sorry, Piers, but Joe Walsh just laid claim to the ‘Musket’ nickname with his post-election call to arms"
8084,Israel,0.0,Biden Explains Why Hillary Set Up Her Email Server (This Doesn’t Help Her)
9620,America,0.0,Trump Victory Necessary to Get US Into World War?
5385,US,0.0,"When Nobody Returns: Palestinians Show They are People, Too"
6974,Michigan,0.0,"Tesla, ‘World’s Safest Car,’ Explodes Like a Bomb"
9210,US,0.0,Read the Open Letter By Former Federal Prosecutors Criticizing James Comey
5656,China,0.5,Do you think there will be as many doom sayers if trump should get in office ?
7905,Russia,0.0,"‘Beyonce, Jay Z, Hillary Clinton – You Don’t Represent All Blacks, Women’"
9617,Turkey,0.4,CONFIRMED: Russia deploys Kuznetsov aircraft carrier to defend Syrian coast
6048,Oakland,-0.167,"Media blackout as hundreds of black teens attack Temple U. students, police, a horse"
8851,US,0.0,"Area Liberal No Longer Recognizes Fanciful, Wildly Inaccurate Mental Picture Of Country He Lives In - The Onion - America's Finest News Source"
6279,West Ham,0.0,When Charlottesville Was Nuked
6479,Brazil,0.0,Comment on Seattle council member proposes a MASSIVE fee hike for pot shops by Steven Broiles
